"edon","disloc2018","disloc2012","dsi_pob","P_Total"
22,14,8,0.38932650403246,1355
22,3,15,0.835933747264673,1809
22,1,14,0.794988220841724,3080
22,2,13,0.338125539257981,1930
22,9,7,0.177930890259808,4952
22,4,12,1,3467
22,15,11,0.346665441554019,2308
22,6,3,0.384536221067417,4632
22,7,4,0.453633672337188,2479
22,5,2,0.581252606530432,1322
22,7,1,0.453633672337188,1682
22,7,5,0.453633672337188,2330
22,11,6,0.266313870759099,1244
22,15,10,0.346665441554019,2301
22,13,9,0.814777378367797,1493
